{"cameraMode":{"drawMode":0,"name":"Shaded","section":"Shading Mode"},"sceneLighting":false,"audioPlay":false,"sceneViewState":{"showFog":true,"showMaterialUpdate":false,"showSkybox":true,"showFlares":true,"showImageEffects":true,"showParticleSystems":true},"in2DMode":false,"pivot":{"x":1.1366021633148194,"y":-0.14622527360916139,"z":1.073256254196167},"rotation":{"x":0.20101553201675416,"y":-0.2334078699350357,"z":0.049383293837308887,"w":0.9500916600227356},"size":3.5981578826904299,"orthographic":true}