{"cameraMode":{"drawMode":0,"name":"Shaded","section":"Shading Mode"},"sceneLighting":false,"audioPlay":false,"sceneViewState":{"showFog":true,"showMaterialUpdate":false,"showSkybox":true,"showFlares":true,"showImageEffects":true,"showParticleSystems":true},"in2DMode":false,"pivot":{"x":-3.298799991607666,"y":5.2361602783203129,"z":-3.5788052082061769},"rotation":{"x":0.037227556109428409,"y":-0.7267169952392578,"z":0.039506737142801288,"w":0.684792697429657},"size":24.684093475341798,"orthographic":false}